ref_area.label,time,obs_value
Afghanistan,2023,5.48
Afghanistan,2022,4.91
Afghanistan,2021,4.91
Afghanistan,2020,4.71
Afghanistan,2019,4.72
Afghanistan,2018,4.72
Afghanistan,2017,4.72
Afghanistan,2016,4.72
Afghanistan,2015,4.72
Angola,2023,2.27
Angola,2022,2.27
Angola,2021,2.27
Angola,2020,2.27
Angola,2019,2.27
Angola,2018,2.27
Angola,2017,2.27
Angola,2016,2.09
Angola,2015,2.09
Albania,2023,1.88
Albania,2022,0.72
Albania,2021,0.72
Albania,2020,0.72
Albania,2019,0.72
Albania,2018,0.72
Albania,2017,0.72
Albania,2016,0.72
Albania,2015,0.88
United Arab Emirates,2023,10
United Arab Emirates,2022,10
United Arab Emirates,2021,10
United Arab Emirates,2020,10
United Arab Emirates,2019,10
United Arab Emirates,2018,10
United Arab Emirates,2017,10
United Arab Emirates,2016,10
United Arab Emirates,2015,10
Argentina,2023,3.98
Argentina,2022,2.7
Argentina,2021,3.06
Argentina,2020,3.06
Argentina,2019,2.88
Argentina,2018,3.05
Argentina,2017,1.8
Argentina,2016,2
Argentina,2015,1.8
Armenia,2023,0.73
Armenia,2022,1.4
Armenia,2021,1.4
Armenia,2020,1.4
Armenia,2019,1.4
Armenia,2018,1.4
Armenia,2017,1.4
Armenia,2016,1.4
Armenia,2015,1.22
Antigua and Barbuda,2023,0.72
Antigua and Barbuda,2022,0.72
Antigua and Barbuda,2021,0.72
Antigua and Barbuda,2020,0.72
Antigua and Barbuda,2019,0.72
Antigua and Barbuda,2018,0.72
Antigua and Barbuda,2017,0.72
Antigua and Barbuda,2016,0.72
Antigua and Barbuda,2015,0.72
Australia,2023,0.69
Australia,2022,0.69
Australia,2021,0.69
Australia,2020,0.69
Australia,2019,0.69
Australia,2018,0.69
Australia,2017,0.69
Australia,2016,0.69
Australia,2015,0.72
Austria,2023,0.17
Austria,2022,0
Austria,2021,0
Austria,2020,0
Austria,2019,0
Austria,2018,0
Austria,2017,0
Austria,2016,0
Austria,2015,0
Azerbaijan,2023,0.54
Azerbaijan,2022,0.54
Azerbaijan,2021,0.54
Azerbaijan,2020,0.54
Azerbaijan,2019,0.54
Azerbaijan,2018,0.54
Azerbaijan,2017,0.54
Azerbaijan,2016,0.54
Azerbaijan,2015,0.54
Burundi,2023,3.02
Burundi,2022,3.02
Burundi,2021,3.02
Burundi,2020,2.85
Burundi,2019,2.49
Burundi,2018,2.49
Burundi,2017,2.1
Burundi,2016,2.1
Burundi,2015,2.28
Belgium,2023,0.52
Belgium,2022,0.69
Belgium,2021,0.51
Belgium,2020,0.51
Belgium,2019,0.51
Belgium,2018,0
Belgium,2017,0
Belgium,2016,0
Belgium,2015,0.35
Benin,2023,0.71
Benin,2022,0.87
Benin,2021,0.87
Benin,2020,0.87
Benin,2019,0.87
Benin,2018,0.17
Benin,2017,0.17
Benin,2016,0.71
Benin,2015,0.55
Burkina Faso,2023,1.07
Burkina Faso,2022,0.69
Burkina Faso,2021,0.69
Burkina Faso,2020,0.69
Burkina Faso,2019,0.69
Burkina Faso,2018,0.88
Burkina Faso,2017,0.88
Burkina Faso,2016,0.88
Burkina Faso,2015,0.86
Bangladesh,2023,10
Bangladesh,2022,9.46
Bangladesh,2021,8.36
Bangladesh,2020,8.75
Bangladesh,2019,8.74
Bangladesh,2018,7.87
Bangladesh,2017,6.95
Bangladesh,2016,5.57
Bangladesh,2015,4.97
Bulgaria,2023,1.41
Bulgaria,2022,1.26
Bulgaria,2021,1.26
Bulgaria,2020,1.26
Bulgaria,2019,1.26
Bulgaria,2018,1.26
Bulgaria,2017,1.26
Bulgaria,2016,1.26
Bulgaria,2015,1.26
Bahrain,2023,4
Bahrain,2022,4
Bahrain,2021,4
Bahrain,2020,4
Bahrain,2019,4
Bahrain,2018,4.38
Bahrain,2017,4.38
Bahrain,2016,4.96
Bahrain,2015,4.38
Bahamas,2023,2
Bahamas,2022,2
Bahamas,2021,2.51
Bahamas,2020,2.51
Bahamas,2019,2.51
Bahamas,2018,2.51
Bahamas,2017,2.51
Bahamas,2016,2.51
Bahamas,2015,2.51
Bosnia and Herzegovina,2023,0.89
Bosnia and Herzegovina,2022,0.89
Bosnia and Herzegovina,2021,0.89
Bosnia and Herzegovina,2020,0.89
Bosnia and Herzegovina,2019,0.89
Bosnia and Herzegovina,2018,1.05
Bosnia and Herzegovina,2017,1.05
Bosnia and Herzegovina,2016,1.05
Bosnia and Herzegovina,2015,0
Belarus,2023,9.92
Belarus,2022,9.73
Belarus,2021,10
Belarus,2020,7.76
Belarus,2019,6.61
Belarus,2018,6.63
Belarus,2017,6.63
Belarus,2016,6.44
Belarus,2015,7.52
Belize,2023,0.53
Belize,2022,0.53
Belize,2021,0.53
Belize,2020,0.53
Belize,2019,0.53
Belize,2018,0.53
Belize,2017,0.53
Belize,2016,0.53
Belize,2015,0.53
Bolivia (Plurinational State of),2023,3.3
Bolivia (Plurinational State of),2022,3.12
Bolivia (Plurinational State of),2021,2.94
Bolivia (Plurinational State of),2020,2.94
Bolivia (Plurinational State of),2019,2.94
Bolivia (Plurinational State of),2018,2.59
Bolivia (Plurinational State of),2017,2.59
Bolivia (Plurinational State of),2016,2.76
Bolivia (Plurinational State of),2015,2.56
Brazil,2023,3.25
Brazil,2022,3.09
Brazil,2021,2.31
Brazil,2020,2.12
Brazil,2019,2.12
Brazil,2018,2.12
Brazil,2017,2.13
Brazil,2016,1.97
Brazil,2015,1.97
Barbados,2023,0.54
Barbados,2022,0.54
Barbados,2021,0.54
Barbados,2020,0.54
Barbados,2019,0.54
Barbados,2018,0.54
Barbados,2017,0.54
Barbados,2016,0.54
Barbados,2015,0.54
Brunei Darussalam,2023,2.58
Brunei Darussalam,2022,2.58
Brunei Darussalam,2021,2.58
Brunei Darussalam,2020,2.58
Brunei Darussalam,2019,2.58
Brunei Darussalam,2018,2.58
Brunei Darussalam,2017,2.58
Brunei Darussalam,2016,2.58
Brunei Darussalam,2015,2.58
Botswana,2023,2.91
Botswana,2022,2.91
Botswana,2021,2.91
Botswana,2020,2.91
Botswana,2019,2.91
Botswana,2018,3.11
Botswana,2017,3.11
Botswana,2016,3.11
Botswana,2015,2.03
Central African Republic,2023,1.45
Central African Republic,2022,1.61
Central African Republic,2021,1.61
Central African Republic,2020,1.61
Central African Republic,2019,1.61
Central African Republic,2018,1.61
Central African Republic,2017,1.61
Central African Republic,2016,1.61
Central African Republic,2015,1.61
Canada,2023,0.36
Canada,2022,0.71
Canada,2021,0.87
Canada,2020,0.87
Canada,2019,0.87
Canada,2018,1.21
Canada,2017,1.55
Canada,2016,1.05
Canada,2015,1.41
Switzerland,2023,0.18
Switzerland,2022,0.18
Switzerland,2021,0.18
Switzerland,2020,0.18
Switzerland,2019,0.18
Switzerland,2018,0.18
Switzerland,2017,0.35
Switzerland,2016,0.35
Switzerland,2015,0.35
Chile,2023,2.16
Chile,2022,2.49
Chile,2021,2.49
Chile,2020,2.49
Chile,2019,2.49
Chile,2018,1.82
Chile,2017,1.82
Chile,2016,2
Chile,2015,1.82
China,2023,9.13
China,2022,9.13
China,2021,9.13
China,2020,9.32
China,2019,9.13
China,2018,8.72
China,2017,8.51
China,2016,8.13
China,2015,8.13
Côte d'Ivoire,2023,0.72
Côte d'Ivoire,2022,0.72
Côte d'Ivoire,2021,0.72
Côte d'Ivoire,2020,0.72
Côte d'Ivoire,2019,0.72
Côte d'Ivoire,2018,0.72
Côte d'Ivoire,2017,0.72
Côte d'Ivoire,2016,0.72
Côte d'Ivoire,2015,0.77
Cameroon,2023,1.67
Cameroon,2022,1.83
Cameroon,2021,1.83
Cameroon,2020,1.83
Cameroon,2019,2.24
Cameroon,2018,2.24
Cameroon,2017,2.24
Cameroon,2016,2.84
Cameroon,2015,1.54
"Congo, Democratic Republic of the",2023,3.16
"Congo, Democratic Republic of the",2022,3.16
"Congo, Democratic Republic of the",2021,3.16
"Congo, Democratic Republic of the",2020,3.16
"Congo, Democratic Republic of the",2019,3.16
"Congo, Democratic Republic of the",2018,3.16
"Congo, Democratic Republic of the",2017,3.16
"Congo, Democratic Republic of the",2016,3.34
"Congo, Democratic Republic of the",2015,2.93
Congo,2023,0.5
Congo,2022,0.5
Congo,2021,0.5
Congo,2020,0.5
Congo,2019,0.5
Congo,2018,0.5
Congo,2017,0.5
Congo,2016,0.67
Congo,2015,0.67
Cook Islands,2023,0.98
Cook Islands,2022,0.98
Cook Islands,2021,0.98
Cook Islands,2020,0.83
Cook Islands,2019,0.83
Cook Islands,2018,0.83
Cook Islands,2017,0.83
Cook Islands,2016,0.83
Colombia,2023,6.31
Colombia,2022,5.77
Colombia,2021,5.56
Colombia,2020,5.02
Colombia,2019,5.02
Colombia,2018,4.66
Colombia,2017,5.04
Colombia,2016,4.48
Colombia,2015,4.14
Comoros,2023,1.35
Comoros,2022,1.35
Comoros,2021,1.35
Comoros,2020,1.35
Comoros,2019,1.35
Comoros,2018,1.35
Comoros,2017,1.35
Comoros,2016,1.35
Comoros,2015,1.35
Cabo Verde,2023,0.47
Cabo Verde,2022,0.32
Cabo Verde,2021,0.32
Cabo Verde,2020,0.32
Cabo Verde,2019,0.32
Cabo Verde,2018,0.47
Cabo Verde,2017,0.47
Cabo Verde,2016,0.65
Cabo Verde,2015,0.65
Costa Rica,2023,2.27
Costa Rica,2022,1.91
Costa Rica,2021,1.91
Costa Rica,2020,1.91
Costa Rica,2019,1.4
Costa Rica,2018,1.4
Costa Rica,2017,1.4
Costa Rica,2016,1.57
Costa Rica,2015,1.95
Cuba,2023,1.75
Cuba,2022,1.54
Cuba,2021,1.35
Cuba,2020,1.35
Cuba,2019,1.35
Cuba,2018,1.36
Cuba,2017,0.98
Cuba,2016,0.98
Cuba,2015,5.83
Cyprus,2023,0
Cyprus,2022,0
Cyprus,2021,0
Cyprus,2020,0
Cyprus,2019,0
Cyprus,2018,0
Cyprus,2017,0
Cyprus,2016,0
Cyprus,2015,0
Czechia,2023,0.18
Czechia,2022,0.18
Czechia,2021,0.18
Czechia,2020,0.18
Czechia,2019,0.18
Czechia,2018,0.18
Czechia,2017,0.18
Czechia,2016,0.18
Czechia,2015,0.18
Germany,2023,0.38
Germany,2022,0.38
Germany,2021,0.38
Germany,2020,0.38
Germany,2019,0.38
Germany,2018,0.38
Germany,2017,0.38
Germany,2016,0.38
Germany,2015,0.38
Djibouti,2023,5.76
Djibouti,2022,5.76
Djibouti,2021,6.17
Djibouti,2020,6.17
Djibouti,2019,6.17
Djibouti,2018,6.17
Djibouti,2017,6.17
Djibouti,2016,6.18
Djibouti,2015,1.9
Dominica,2023,0.17
Dominica,2022,0.17
Dominica,2021,0.17
Dominica,2020,0.17
Dominica,2019,0.17
Dominica,2018,0.17
Dominica,2017,0.17
Dominica,2016,0.17
Dominica,2015,0.17
Denmark,2023,0.19
Denmark,2022,0.19
Denmark,2021,0.19
Denmark,2020,0.19
Denmark,2019,0.19
Denmark,2018,0.53
Denmark,2017,0.53
Denmark,2016,0.53
Denmark,2015,0.73
Dominican Republic,2023,1.8
Dominican Republic,2022,1.8
Dominican Republic,2021,1.45
Dominican Republic,2020,1.45
Dominican Republic,2019,1.63
Dominican Republic,2018,1.45
Dominican Republic,2017,1.45
Dominican Republic,2016,1.64
Dominican Republic,2015,1.79
Algeria,2023,4.05
Algeria,2022,2.5
Algeria,2021,2.67
Algeria,2020,2.48
Algeria,2019,2.48
Algeria,2018,2.3
Algeria,2017,2.11
Algeria,2016,1.9
Algeria,2015,1.3
Ecuador,2023,6.5
Ecuador,2022,5.03
Ecuador,2021,4.79
Ecuador,2020,4.25
Ecuador,2019,4.25
Ecuador,2018,4.04
Ecuador,2017,4.04
Ecuador,2016,4.05
Ecuador,2015,3.67
Egypt,2023,6.05
Egypt,2022,6.26
Egypt,2021,6.26
Egypt,2020,6.26
Egypt,2019,6.26
Egypt,2018,6.48
Egypt,2017,7.07
Egypt,2016,7.09
Egypt,2015,6.52
Eritrea,2023,2.74
Eritrea,2022,2.74
Eritrea,2021,2.59
Eritrea,2020,2.59
Eritrea,2019,2.59
Eritrea,2018,2.59
Eritrea,2017,2.41
Eritrea,2016,2.41
Eritrea,2015,2.41
Spain,2023,0.33
Spain,2022,0.33
Spain,2021,0.71
Spain,2020,0.71
Spain,2019,0.71
Spain,2018,0.71
Spain,2017,0.54
Spain,2016,0.54
Spain,2015,1
Estonia,2023,0
Estonia,2022,0.15
Estonia,2021,0.15
Estonia,2020,0.15
Estonia,2019,0.15
Estonia,2018,0
Estonia,2017,0
Estonia,2016,0
Estonia,2015,0
Ethiopia,2023,2.54
Ethiopia,2022,2.54
Ethiopia,2021,2.54
Ethiopia,2020,2.54
Ethiopia,2019,2.54
Ethiopia,2018,3.3
Ethiopia,2017,3.13
Ethiopia,2016,3.3
Ethiopia,2015,3.32
Finland,2023,0
Finland,2022,0
Finland,2021,0
Finland,2020,0
Finland,2019,0
Finland,2018,0
Finland,2017,0
Finland,2016,0
Finland,2015,0
Fiji,2023,5.73
Fiji,2022,5.73
Fiji,2021,5.73
Fiji,2020,5.73
Fiji,2019,5.52
Fiji,2018,5.34
Fiji,2017,4.85
Fiji,2016,4.89
Fiji,2015,5.09
France,2023,0.5
France,2022,0.68
France,2021,0.68
France,2020,0.68
France,2019,0
France,2018,0.36
France,2017,0.36
France,2016,0.36
France,2015,0.36
Gabon,2023,0.71
Gabon,2022,0.86
Gabon,2021,0.15
Gabon,2020,0.15
Gabon,2019,0.15
Gabon,2018,0.15
Gabon,2017,0.15
Gabon,2016,0.15
Gabon,2015,0.34
United Kingdom of Great Britain and Northern Ireland,2023,1.25
United Kingdom of Great Britain and Northern Ireland,2022,1.23
United Kingdom of Great Britain and Northern Ireland,2021,1.06
United Kingdom of Great Britain and Northern Ireland,2020,1.06
United Kingdom of Great Britain and Northern Ireland,2019,1.06
United Kingdom of Great Britain and Northern Ireland,2018,1.06
United Kingdom of Great Britain and Northern Ireland,2017,1.08
United Kingdom of Great Britain and Northern Ireland,2016,1.08
United Kingdom of Great Britain and Northern Ireland,2015,0.57
Georgia,2023,0.15
Georgia,2022,0.15
Georgia,2021,0.15
Georgia,2020,0.86
Georgia,2019,0.86
Georgia,2018,0.86
Georgia,2017,0.86
Georgia,2016,0.53
Georgia,2015,1.22
Ghana,2023,1.81
Ghana,2022,1.81
Ghana,2021,1.81
Ghana,2020,1.62
Ghana,2019,1.62
Ghana,2018,1.62
Ghana,2017,1.62
Ghana,2016,1.62
Ghana,2015,1.62
Guinea,2023,1.81
Guinea,2022,0.67
Guinea,2021,0.67
Guinea,2020,0.67
Guinea,2019,0.67
Guinea,2018,0.67
Guinea,2017,0.67
Guinea,2016,0.49
Guinea,2015,0
Gambia,2023,1.64
Gambia,2022,1.64
Gambia,2021,1.64
Gambia,2020,1.64
Gambia,2019,1.64
Gambia,2018,1.64
Gambia,2017,1.64
Gambia,2016,1.64
Gambia,2015,1.64
Guinea-Bissau,2023,3.17
Guinea-Bissau,2022,3.17
Guinea-Bissau,2021,3
Guinea-Bissau,2020,2.83
Guinea-Bissau,2019,2.83
Guinea-Bissau,2018,2.64
Guinea-Bissau,2017,2.64
Guinea-Bissau,2016,2.64
Guinea-Bissau,2015,2.83
Equatorial Guinea,2023,4.8
Equatorial Guinea,2022,4.62
Equatorial Guinea,2021,4.62
Equatorial Guinea,2020,4.62
Equatorial Guinea,2019,4.62
Equatorial Guinea,2018,4.62
Equatorial Guinea,2017,4.62
Equatorial Guinea,2016,4.62
Equatorial Guinea,2015,4.62
Greece,2023,0.85
Greece,2022,0.85
Greece,2021,0.85
Greece,2020,0.85
Greece,2019,0.85
Greece,2018,0.85
Greece,2017,1
Greece,2016,1.02
Greece,2015,1.02
Grenada,2023,0.54
Grenada,2022,0.54
Grenada,2021,0.54
Grenada,2020,0.71
Grenada,2019,0.71
Grenada,2018,0.71
Grenada,2017,0.71
Grenada,2016,0.71
Grenada,2015,0.71
Guatemala,2023,6.88
Guatemala,2022,6.75
Guatemala,2021,6.15
Guatemala,2020,5.38
Guatemala,2019,5.39
Guatemala,2018,5.04
Guatemala,2017,4.84
Guatemala,2016,5.79
Guatemala,2015,5.94
Guyana,2023,0.53
Guyana,2022,0.53
Guyana,2021,0.53
Guyana,2020,0.53
Guyana,2019,0.53
Guyana,2018,0.53
Guyana,2017,0.53
Guyana,2016,0.53
Guyana,2015,0.53
Honduras,2023,5.05
Honduras,2022,3.74
Honduras,2021,3.91
Honduras,2020,4.52
Honduras,2019,4.52
Honduras,2018,4.87
Honduras,2017,3.93
Honduras,2016,3.34
Honduras,2015,3.71
Croatia,2023,1.12
Croatia,2022,1.12
Croatia,2021,1.12
Croatia,2020,1.12
Croatia,2019,1.12
Croatia,2018,1.12
Croatia,2017,1.12
Croatia,2016,0.57
Croatia,2015,0.57
Haiti,2023,1.62
Haiti,2022,1.62
Haiti,2021,1.62
Haiti,2020,1.62
Haiti,2019,1.62
Haiti,2018,1.62
Haiti,2017,1.62
Haiti,2016,1.43
Haiti,2015,1.43
Hungary,2023,1.6
Hungary,2022,1.43
Hungary,2021,1.41
Hungary,2020,0.72
Hungary,2019,0.72
Hungary,2018,0.72
Hungary,2017,0.72
Hungary,2016,0.53
Hungary,2015,0.89
Indonesia,2023,2.02
Indonesia,2022,2.36
Indonesia,2021,1.32
Indonesia,2020,1.51
Indonesia,2019,2.46
Indonesia,2018,2.49
Indonesia,2017,2.49
Indonesia,2016,2.28
Indonesia,2015,3.96
India,2023,4.45
India,2022,4.78
India,2021,3.48
India,2020,3.48
India,2019,3.84
India,2018,4.75
India,2017,5.1
India,2016,5.29
India,2015,4.93
Ireland,2023,0
Ireland,2022,0
Ireland,2021,0
Ireland,2020,0
Ireland,2019,0
Ireland,2018,0
Ireland,2017,0
Ireland,2016,0.72
Ireland,2015,0.72
Iran (Islamic Republic of),2023,10
Iran (Islamic Republic of),2022,10
Iran (Islamic Republic of),2021,9.96
Iran (Islamic Republic of),2020,9.96
Iran (Islamic Republic of),2019,9.25
Iran (Islamic Republic of),2018,10
Iran (Islamic Republic of),2017,10
Iran (Islamic Republic of),2016,10
Iran (Islamic Republic of),2015,9.23
Iraq,2023,7.39
Iraq,2022,7.18
Iraq,2021,7.18
Iraq,2020,6.48
Iraq,2019,6.48
Iraq,2018,6.48
Iraq,2017,6.28
Iraq,2016,6.48
Iraq,2015,6.48
Iceland,2023,0
Iceland,2022,0
Iceland,2021,0
Iceland,2020,0
Iceland,2019,0
Iceland,2018,0
Iceland,2017,0
Iceland,2016,0.18
Iceland,2015,0.18
Israel,2023,0
Israel,2022,0
Israel,2021,0
Israel,2020,0
Israel,2019,0
Israel,2018,0
Israel,2017,0
Israel,2016,0
Israel,2015,0
Italy,2023,0
Italy,2022,0
Italy,2021,0
Italy,2020,0
Italy,2019,0
Italy,2018,0
Italy,2017,0
Italy,2016,0.54
Italy,2015,0.54
Jamaica,2023,1.23
Jamaica,2022,1.23
Jamaica,2021,1.23
Jamaica,2020,1.23
Jamaica,2019,1.23
Jamaica,2018,1.23
Jamaica,2017,1.23
Jamaica,2016,1.23
Jamaica,2015,1.23
Jordan,2023,3.48
Jordan,2022,3.1
Jordan,2021,3.49
Jordan,2020,2.91
Jordan,2019,2.91
Jordan,2018,2.91
Jordan,2017,2.91
Jordan,2016,3.1
Jordan,2015,3.1
Japan,2023,1.11
Japan,2022,1.11
Japan,2021,1.11
Japan,2020,1.11
Japan,2019,1.11
Japan,2018,1.11
Japan,2017,1.28
Japan,2016,1.28
Japan,2015,1.09
Kazakhstan,2023,2.77
Kazakhstan,2022,2.77
Kazakhstan,2021,3.33
Kazakhstan,2020,2.57
Kazakhstan,2019,2.32
Kazakhstan,2018,2.51
Kazakhstan,2017,1.94
Kazakhstan,2016,2.49
Kazakhstan,2015,1.7
Kenya,2023,4
Kenya,2022,4
Kenya,2021,4
Kenya,2020,4
Kenya,2019,4
Kenya,2018,3.62
Kenya,2017,3.62
Kenya,2016,3.27
Kenya,2015,3.27
Kyrgyzstan,2023,0.51
Kyrgyzstan,2022,0.51
Kyrgyzstan,2021,0.51
Kyrgyzstan,2020,0.35
Kyrgyzstan,2019,0.35
Kyrgyzstan,2018,0.35
Kyrgyzstan,2017,0.35
Kyrgyzstan,2016,0.35
Kyrgyzstan,2015,0.35
Cambodia,2023,6.81
Cambodia,2022,5.49
Cambodia,2021,5.49
Cambodia,2020,4.73
Cambodia,2019,4.77
Cambodia,2018,4.93
Cambodia,2017,4.93
Cambodia,2016,4.38
Cambodia,2015,3.96
Kiribati,2023,0.71
Kiribati,2022,0.71
Kiribati,2021,1.23
Kiribati,2020,1.23
Kiribati,2019,1.23
Kiribati,2018,1.08
Kiribati,2017,1.08
Kiribati,2016,1.08
Kiribati,2015,1.61
Saint Kitts and Nevis,2023,0.68
Saint Kitts and Nevis,2022,0.68
Saint Kitts and Nevis,2021,0.68
Saint Kitts and Nevis,2020,0.68
Saint Kitts and Nevis,2019,0.68
Saint Kitts and Nevis,2018,0.68
Saint Kitts and Nevis,2017,0.68
Saint Kitts and Nevis,2016,0.68
Saint Kitts and Nevis,2015,0.68
Republic of Korea,2023,4.18
Republic of Korea,2022,4.19
Republic of Korea,2021,4.19
Republic of Korea,2020,4.38
Republic of Korea,2019,4.38
Republic of Korea,2018,6.64
Republic of Korea,2017,6.47
Republic of Korea,2016,5.11
Republic of Korea,2015,5.35
Kuwait,2023,2.71
Kuwait,2022,2.71
Kuwait,2021,2.71
Kuwait,2020,2.51
Kuwait,2019,2.51
Kuwait,2018,2.51
Kuwait,2017,2.51
Kuwait,2016,2.16
Kuwait,2015,2.16
Lao People's Democratic Republic,2023,6.02
Lao People's Democratic Republic,2022,6.02
Lao People's Democratic Republic,2021,6.02
Lao People's Democratic Republic,2020,6.02
Lao People's Democratic Republic,2019,6.02
Lao People's Democratic Republic,2018,6.02
Lao People's Democratic Republic,2017,6.02
Lao People's Democratic Republic,2016,6.02
Lao People's Democratic Republic,2015,6.02
Lebanon,2023,4.17
Lebanon,2022,4.17
Lebanon,2021,4.17
Lebanon,2020,4.16
Lebanon,2019,4.16
Lebanon,2018,4.16
Lebanon,2017,4.16
Lebanon,2016,4.34
Lebanon,2015,4.35
Liberia,2023,2.3
Liberia,2022,2.3
Liberia,2021,1.92
Liberia,2020,0.93
Liberia,2019,0.93
Liberia,2018,0.93
Liberia,2017,0.93
Liberia,2016,1.49
Liberia,2015,1.49
Libya,2023,6.49
Libya,2022,6.49
Libya,2021,6.49
Libya,2020,6.49
Libya,2019,6.49
Libya,2018,6.49
Libya,2017,6.14
Libya,2016,6.49
Libya,2015,6.49
Saint Lucia,2023,0.39
Saint Lucia,2022,0.39
Saint Lucia,2021,0.39
Saint Lucia,2020,0.39
Saint Lucia,2019,0.39
Saint Lucia,2018,0.39
Saint Lucia,2017,0.39
Saint Lucia,2016,0.39
Saint Lucia,2015,0.39
Sri Lanka,2023,3.13
Sri Lanka,2022,3.13
Sri Lanka,2021,2.37
Sri Lanka,2020,2.22
Sri Lanka,2019,2.22
Sri Lanka,2018,2.22
Sri Lanka,2017,2.22
Sri Lanka,2016,2.22
Sri Lanka,2015,2.03
Lesotho,2023,2.21
Lesotho,2022,2.21
Lesotho,2021,2.21
Lesotho,2020,1.44
Lesotho,2019,1.44
Lesotho,2018,1.44
Lesotho,2017,1.44
Lesotho,2016,1.27
Lesotho,2015,1.27
Lithuania,2023,0
Lithuania,2022,0
Lithuania,2021,0
Lithuania,2020,0.18
Lithuania,2019,0.18
Lithuania,2018,0.18
Lithuania,2017,0.18
Lithuania,2016,0.18
Lithuania,2015,0.18
Luxembourg,2023,0.17
Luxembourg,2022,0.17
Luxembourg,2021,0.19
Luxembourg,2020,0.19
Luxembourg,2019,0.19
Luxembourg,2018,0.19
Luxembourg,2017,0.19
Luxembourg,2016,0.19
Luxembourg,2015,0.19
Latvia,2023,0
Latvia,2022,0
Latvia,2021,0
Latvia,2020,0
Latvia,2019,0
Latvia,2018,0
Latvia,2017,0
Latvia,2016,0
Latvia,2015,0.35
Morocco,2023,2.44
Morocco,2022,2.44
Morocco,2021,2.44
Morocco,2020,2.44
Morocco,2019,2.44
Morocco,2018,2.44
Morocco,2017,2.44
Morocco,2016,2.44
Morocco,2015,4.1
Republic of Moldova,2023,0.89
Republic of Moldova,2022,0.89
Republic of Moldova,2021,0.89
Republic of Moldova,2020,0.89
Republic of Moldova,2019,0.89
Republic of Moldova,2018,0.89
Republic of Moldova,2017,0.89
Republic of Moldova,2016,1.06
Republic of Moldova,2015,1.06
Madagascar,2023,2.63
Madagascar,2022,2.44
Madagascar,2021,1.65
Madagascar,2020,1.65
Madagascar,2019,1.65
Madagascar,2018,1.27
Madagascar,2017,1.27
Madagascar,2016,1.09
Madagascar,2015,1.26
Maldives,2023,4.6
Maldives,2022,4.6
Maldives,2021,4.21
Maldives,2020,3.85
Maldives,2019,3.85
Maldives,2018,3.13
Maldives,2017,3.13
Maldives,2016,3.13
Maldives,2015,3.13
Mexico,2023,2.46
Mexico,2022,2.46
Mexico,2021,2.46
Mexico,2020,2.69
Mexico,2019,2.69
Mexico,2018,2.69
Mexico,2017,3.05
Mexico,2016,3.81
Mexico,2015,3.61
Marshall Islands,2023,1.37
Marshall Islands,2022,1.55
Marshall Islands,2021,1.55
Marshall Islands,2020,1.55
Marshall Islands,2019,1.55
Marshall Islands,2018,1.55
Marshall Islands,2017,1.55
Marshall Islands,2016,1.55
Marshall Islands,2015,1.55
North Macedonia,2023,0.52
North Macedonia,2022,1.43
North Macedonia,2021,0.52
North Macedonia,2020,0.52
North Macedonia,2019,0.52
North Macedonia,2018,0.52
North Macedonia,2017,0.52
North Macedonia,2016,0.52
North Macedonia,2015,0.2
Mali,2023,0.88
Mali,2022,0.88
Mali,2021,0.88
Mali,2020,0.88
Mali,2019,0.88
Mali,2018,0.88
Mali,2017,0.88
Mali,2016,1.44
Mali,2015,1.44
Malta,2023,1.48
Malta,2022,1.48
Malta,2021,1.48
Malta,2020,1.83
Malta,2019,1.83
Malta,2018,1.83
Malta,2017,1.83
Malta,2016,1.26
Malta,2015,1.26
Myanmar,2023,10
Myanmar,2022,5.15
Myanmar,2021,5.11
Myanmar,2020,2.21
Myanmar,2019,2.18
Myanmar,2018,3.09
Myanmar,2017,2.68
Myanmar,2016,2.5
Myanmar,2015,3.06
Montenegro,2023,1.23
Montenegro,2022,1.23
Montenegro,2021,1.23
Montenegro,2020,1.21
Montenegro,2019,1.4
Montenegro,2018,1.4
Montenegro,2017,1.4
Montenegro,2016,1.24
Montenegro,2015,1.05
Mongolia,2023,0.15
Mongolia,2022,0.15
Mongolia,2021,0.15
Mongolia,2020,0.15
Mongolia,2019,0.15
Mongolia,2018,0.15
Mongolia,2017,0.15
Mongolia,2016,0
Mongolia,2015,0
Mozambique,2023,2
Mozambique,2022,2
Mozambique,2021,2
Mozambique,2020,1.83
Mozambique,2019,2.01
Mozambique,2018,2
Mozambique,2017,1.81
Mozambique,2016,1.81
Mozambique,2015,1.81
Mauritania,2023,1.63
Mauritania,2022,1.63
Mauritania,2021,1.63
Mauritania,2020,1.63
Mauritania,2019,1.63
Mauritania,2018,1.63
Mauritania,2017,1.63
Mauritania,2016,1.83
Mauritania,2015,1.83
Mauritius,2023,1.62
Mauritius,2022,1.62
Mauritius,2021,1.62
Mauritius,2020,1.78
Mauritius,2019,1.78
Mauritius,2018,1.78
Mauritius,2017,1.78
Mauritius,2016,1.2
Mauritius,2015,1.55
Malawi,2023,0.17
Malawi,2022,0.17
Malawi,2021,0.17
Malawi,2020,0.17
Malawi,2019,0.17
Malawi,2018,0.17
Malawi,2017,0.17
Malawi,2016,0.17
Malawi,2015,0.17
Malaysia,2023,6.14
Malaysia,2022,5.78
Malaysia,2021,5.3
Malaysia,2020,5.11
Malaysia,2019,5.85
Malaysia,2018,5.68
Malaysia,2017,5.68
Malaysia,2016,5.68
Malaysia,2015,5.51
Namibia,2023,0.88
Namibia,2022,0.88
Namibia,2021,0.53
Namibia,2020,0.73
Namibia,2019,0.73
Namibia,2018,0.73
Namibia,2017,0.73
Namibia,2016,0.73
Namibia,2015,0.73
Niger,2023,1.3
Niger,2022,1.3
Niger,2021,1.3
Niger,2020,1.3
Niger,2019,1.3
Niger,2018,1.3
Niger,2017,1.3
Niger,2016,1.3
Niger,2015,0.55
Nigeria,2023,3.08
Nigeria,2022,3.08
Nigeria,2021,3.08
Nigeria,2020,2.9
Nigeria,2019,2.9
Nigeria,2018,2.9
Nigeria,2017,2.9
Nigeria,2016,3.46
Nigeria,2015,3.5
Nicaragua,2023,5.51
Nicaragua,2022,4.67
Nicaragua,2021,2.2
Nicaragua,2020,0.36
Nicaragua,2019,0.36
Nicaragua,2018,0.36
Nicaragua,2017,0.19
Nicaragua,2016,0.36
Nicaragua,2015,0.36
Netherlands,2023,0.38
Netherlands,2022,0.73
Netherlands,2021,0.38
Netherlands,2020,0.38
Netherlands,2019,0.38
Netherlands,2018,0.38
Netherlands,2017,0.38
Netherlands,2016,0.18
Netherlands,2015,0.18
Norway,2023,0
Norway,2022,0
Norway,2021,0
Norway,2020,0
Norway,2019,0
Norway,2018,0
Norway,2017,0
Norway,2016,0
Norway,2015,0
Nepal,2023,3.95
Nepal,2022,3.95
Nepal,2021,3.78
Nepal,2020,3.78
Nepal,2019,3.78
Nepal,2018,3.95
Nepal,2017,3.78
Nepal,2016,3.4
Nepal,2015,3.57
New Zealand,2023,1.1
New Zealand,2022,1.1
New Zealand,2021,1.1
New Zealand,2020,1.43
New Zealand,2019,1.43
New Zealand,2018,1.79
New Zealand,2017,1.79
New Zealand,2016,1.46
New Zealand,2015,1.28
Oman,2023,4.17
Oman,2022,4.17
Oman,2021,4.17
Oman,2020,4.17
Oman,2019,4.17
Oman,2018,4.17
Oman,2017,3.78
Oman,2016,3.78
Oman,2015,3.6
Pakistan,2023,5.01
Pakistan,2022,4.85
Pakistan,2021,4.82
Pakistan,2020,4.64
Pakistan,2019,4.99
Pakistan,2018,4.82
Pakistan,2017,4.26
Pakistan,2016,4.23
Pakistan,2015,4.41
Panama,2023,4.7
Panama,2022,4.7
Panama,2021,4.7
Panama,2020,4.7
Panama,2019,4.87
Panama,2018,4.7
Panama,2017,4.87
Panama,2016,4.87
Panama,2015,4.31
Peru,2023,4.77
Peru,2022,4.77
Peru,2021,4.2
Peru,2020,4.2
Peru,2019,4.2
Peru,2018,4.2
Peru,2017,4.74
Peru,2016,4.75
Peru,2015,4.5
Philippines,2023,5.01
Philippines,2022,4.85
Philippines,2021,4.21
Philippines,2020,3.97
Philippines,2019,4.16
Philippines,2018,4.37
Philippines,2017,4.38
Philippines,2016,4.97
Philippines,2015,4.2
Palau,2023,1.55
Palau,2022,1.55
Palau,2021,1.39
Palau,2020,1.39
Palau,2019,1.39
Palau,2018,1.39
Palau,2017,1.39
Palau,2016,1.39
Palau,2015,1.39
Papua New Guinea,2023,1.1
Papua New Guinea,2022,1.1
Papua New Guinea,2021,1.1
Papua New Guinea,2020,1.1
Papua New Guinea,2019,1.1
Papua New Guinea,2018,1.1
Papua New Guinea,2017,1.27
Papua New Guinea,2016,1.27
Papua New Guinea,2015,1.27
Poland,2023,0.91
Poland,2022,0.91
Poland,2021,1.1
Poland,2020,1.1
Poland,2019,1.1
Poland,2018,1.1
Poland,2017,0.95
Poland,2016,1.43
Poland,2015,0.95
Portugal,2023,0.51
Portugal,2022,0.51
Portugal,2021,0.51
Portugal,2020,0.51
Portugal,2019,0.51
Portugal,2018,0.51
Portugal,2017,1.16
Portugal,2016,1.16
Portugal,2015,0.98
Paraguay,2023,3.01
Paraguay,2022,3.22
Paraguay,2021,3.22
Paraguay,2020,3.22
Paraguay,2019,3.38
Paraguay,2018,3.77
Paraguay,2017,3.23
Paraguay,2016,3.22
Paraguay,2015,3.22
Qatar,2023,8.72
Qatar,2022,8.72
Qatar,2021,8.56
Qatar,2020,8.56
Qatar,2019,8.56
Qatar,2018,8.59
Qatar,2017,8.59
Qatar,2016,8.59
Qatar,2015,8.59
Romania,2023,1.78
Romania,2022,2.44
Romania,2021,2.44
Romania,2020,2.27
Romania,2019,2.27
Romania,2018,2.14
Romania,2017,2.14
Romania,2016,2.34
Romania,2015,1.76
Russian Federation,2023,3.71
Russian Federation,2022,3.53
Russian Federation,2021,3.35
Russian Federation,2020,2.19
Russian Federation,2019,2.19
Russian Federation,2018,2.19
Russian Federation,2017,2.19
Russian Federation,2016,2.19
Russian Federation,2015,2.37
Rwanda,2023,1.28
Rwanda,2022,1.28
Rwanda,2021,1.28
Rwanda,2020,1.28
Rwanda,2019,1.28
Rwanda,2018,2.31
Rwanda,2017,2.31
Rwanda,2016,2.11
Rwanda,2015,1.75
Saudi Arabia,2023,6.64
Saudi Arabia,2022,6.64
Saudi Arabia,2021,6.64
Saudi Arabia,2020,6.64
Saudi Arabia,2019,6.64
Saudi Arabia,2018,6.64
Saudi Arabia,2017,6.64
Saudi Arabia,2016,6.64
Saudi Arabia,2015,6.64
Sudan,2023,8.59
Sudan,2022,6.86
Sudan,2021,6.86
Sudan,2020,6.86
Sudan,2019,6.86
Sudan,2018,7.05
Sudan,2017,7.05
Sudan,2016,7.05
Sudan,2015,6.86
Senegal,2023,1.44
Senegal,2022,1.44
Senegal,2021,1.63
Senegal,2020,1.63
Senegal,2019,1.63
Senegal,2018,1.63
Senegal,2017,1.84
Senegal,2016,1.84
Senegal,2015,1.84
Singapore,2023,2.7
Singapore,2022,2.7
Singapore,2021,2.7
Singapore,2020,2.7
Singapore,2019,2.7
Singapore,2018,2.7
Singapore,2017,2.7
Singapore,2016,2.7
Singapore,2015,2.7
Solomon Islands,2023,2.94
Solomon Islands,2022,2.94
Solomon Islands,2021,2.73
Solomon Islands,2020,2.73
Solomon Islands,2019,2.73
Solomon Islands,2018,2.73
Solomon Islands,2017,2.73
Solomon Islands,2016,2.73
Solomon Islands,2015,2.73
Sierra Leone,2023,0.75
Sierra Leone,2022,0.75
Sierra Leone,2021,0.75
Sierra Leone,2020,0.75
Sierra Leone,2019,0.75
Sierra Leone,2018,0.75
Sierra Leone,2017,0.75
Sierra Leone,2016,0.75
Sierra Leone,2015,0.75
El Salvador,2023,6.22
El Salvador,2022,5.48
El Salvador,2021,5.48
El Salvador,2020,4.42
El Salvador,2019,4.61
El Salvador,2018,4.95
El Salvador,2017,5.33
El Salvador,2016,5.18
El Salvador,2015,3.65
San Marino,2023,0
San Marino,2022,0
San Marino,2021,0
San Marino,2020,0
San Marino,2019,0
San Marino,2018,0
San Marino,2017,0
San Marino,2016,0
San Marino,2015,0
Somalia,2018,0.98
Somalia,2017,1.56
Somalia,2016,1.56
Somalia,2015,1.88
Serbia,2023,1.41
Serbia,2022,1.41
Serbia,2021,1.41
Serbia,2020,1.41
Serbia,2019,1.41
Serbia,2018,1.41
Serbia,2017,1.6
Serbia,2016,1.6
Serbia,2015,1.6
South Sudan,2023,2.18
South Sudan,2022,2.03
South Sudan,2021,2.03
South Sudan,2020,2.03
South Sudan,2019,2.03
South Sudan,2018,2.03
South Sudan,2017,2.03
South Sudan,2016,1.83
South Sudan,2015,1.1
Sao Tome and Principe,2023,1.16
Sao Tome and Principe,2022,1.16
Sao Tome and Principe,2021,1.16
Sao Tome and Principe,2020,1.16
Sao Tome and Principe,2019,1.34
Sao Tome and Principe,2018,1.34
Sao Tome and Principe,2017,1.34
Sao Tome and Principe,2016,1.34
Sao Tome and Principe,2015,1.34
Suriname,2023,0.17
Suriname,2022,0.17
Suriname,2021,0.17
Suriname,2020,0.17
Suriname,2019,0.17
Suriname,2018,0.17
Suriname,2017,0
Suriname,2016,0
Suriname,2015,0
Slovakia,2023,0
Slovakia,2022,0
Slovakia,2021,0
Slovakia,2020,0
Slovakia,2019,0
Slovakia,2018,0
Slovakia,2017,0
Slovakia,2016,0
Slovakia,2015,0
Slovenia,2023,0.18
Slovenia,2022,0.18
Slovenia,2021,0.18
Slovenia,2020,0.18
Slovenia,2019,0.18
Slovenia,2018,0.18
Slovenia,2017,0.18
Slovenia,2016,0.18
Slovenia,2015,0.18
Sweden,2023,0
Sweden,2022,0
Sweden,2021,0
Sweden,2020,0
Sweden,2019,0
Sweden,2018,0
Sweden,2017,0.15
Sweden,2016,0.15
Sweden,2015,0.15
Eswatini,2023,1.94
Eswatini,2022,1.15
Eswatini,2021,0.75
Eswatini,2020,0.75
Eswatini,2019,0.75
Eswatini,2018,0.55
Eswatini,2017,1.44
Eswatini,2016,1.62
Eswatini,2015,2.4
Seychelles,2023,1.07
Seychelles,2022,1.07
Seychelles,2021,1.07
Seychelles,2020,1.07
Seychelles,2019,1.07
Seychelles,2018,1.07
Seychelles,2017,1.26
Seychelles,2016,1.26
Seychelles,2015,1.26
Syrian Arab Republic,2023,6.47
Syrian Arab Republic,2022,6.47
Syrian Arab Republic,2021,6.47
Syrian Arab Republic,2020,6.47
Syrian Arab Republic,2019,6.47
Syrian Arab Republic,2018,6.47
Syrian Arab Republic,2017,6.47
Syrian Arab Republic,2016,6.47
Syrian Arab Republic,2015,6.65
Chad,2023,0.7
Chad,2022,0.7
Chad,2021,0.7
Chad,2020,0.7
Chad,2019,0.7
Chad,2018,0.7
Chad,2017,0.7
Chad,2016,0.7
Chad,2015,0.7
Togo,2023,2.1
Togo,2022,0.71
Togo,2021,0.54
Togo,2020,0.54
Togo,2019,0.54
Togo,2018,0.54
Togo,2017,1.29
Togo,2016,1.29
Togo,2015,1.29
Thailand,2023,6.7
Thailand,2022,6.7
Thailand,2021,6.7
Thailand,2020,6.7
Thailand,2019,6.51
Thailand,2018,6.7
Thailand,2017,6.7
Thailand,2016,6.31
Thailand,2015,6.12
Tajikistan,2023,0.51
Tajikistan,2022,0.51
Tajikistan,2021,0.51
Tajikistan,2020,0.51
Tajikistan,2019,0.51
Tajikistan,2018,0.51
Tajikistan,2017,0.51
Tajikistan,2016,0.51
Tajikistan,2015,0.54
Turkmenistan,2023,1.43
Turkmenistan,2022,1.43
Turkmenistan,2021,1.43
Turkmenistan,2020,1.43
Turkmenistan,2019,1.43
Turkmenistan,2018,1.43
Turkmenistan,2017,1.43
Turkmenistan,2016,1.43
Turkmenistan,2015,1.43
Timor-Leste,2023,0.5
Timor-Leste,2022,0.5
Timor-Leste,2021,0.5
Timor-Leste,2020,0.5
Timor-Leste,2019,0.5
Timor-Leste,2018,0.5
Timor-Leste,2017,0.5
Timor-Leste,2016,0.5
Timor-Leste,2015,0.5
Tonga,2023,0.87
Tonga,2022,0.87
Tonga,2021,0.87
Tonga,2020,0.87
Tonga,2019,0.87
Tonga,2018,0.87
Tonga,2017,0.87
Tonga,2016,0.87
Trinidad and Tobago,2023,1.84
Trinidad and Tobago,2022,1.84
Trinidad and Tobago,2021,1.84
Trinidad and Tobago,2020,1.84
Trinidad and Tobago,2019,1.84
Trinidad and Tobago,2018,1.84
Trinidad and Tobago,2017,1.84
Trinidad and Tobago,2016,1.84
Trinidad and Tobago,2015,1.63
Tunisia,2023,1.89
Tunisia,2022,1.65
Tunisia,2021,1.65
Tunisia,2020,1.65
Tunisia,2019,1.65
Tunisia,2018,1.65
Tunisia,2017,1.46
Tunisia,2016,1.46
Tunisia,2015,1.83
Türkiye,2023,4.99
Türkiye,2022,3.9
Türkiye,2021,4.45
Türkiye,2020,3.68
Türkiye,2019,3.68
Türkiye,2018,5.11
Türkiye,2017,3.21
Türkiye,2016,2.65
Türkiye,2015,3.71
Tuvalu,2023,1.42
Tuvalu,2022,1.42
Tuvalu,2021,1.42
Tuvalu,2020,1.42
Tuvalu,2019,1.42
Tuvalu,2018,1.43
Tuvalu,2017,1.43
Tuvalu,2016,1.43
Tuvalu,2015,1.43
"Tanzania, United Republic of",2023,1.43
"Tanzania, United Republic of",2022,1.43
"Tanzania, United Republic of",2021,1.43
"Tanzania, United Republic of",2020,1.43
"Tanzania, United Republic of",2019,1.43
"Tanzania, United Republic of",2018,1.43
"Tanzania, United Republic of",2017,1.77
"Tanzania, United Republic of",2016,1.77
"Tanzania, United Republic of",2015,1.77
Uganda,2023,1.26
Uganda,2022,1.26
Uganda,2021,1.26
Uganda,2020,1.26
Uganda,2019,1.26
Uganda,2018,1.46
Uganda,2017,1.46
Uganda,2016,1.46
Uganda,2015,1.46
Ukraine,2023,1.43
Ukraine,2022,1.11
Ukraine,2021,0.94
Ukraine,2020,0.94
Ukraine,2019,0.57
Ukraine,2018,0.57
Ukraine,2017,0.57
Ukraine,2016,0.57
Ukraine,2015,0.74
Uruguay,2023,2
Uruguay,2022,0.88
Uruguay,2021,0.52
Uruguay,2020,0.52
Uruguay,2019,0.69
Uruguay,2018,0.69
Uruguay,2017,1.08
Uruguay,2016,1.25
Uruguay,2015,1.25
United States of America,2023,3.08
United States of America,2022,3.08
United States of America,2021,3.08
United States of America,2020,3.08
United States of America,2019,3.08
United States of America,2018,2.89
United States of America,2017,2.72
United States of America,2016,2.72
United States of America,2015,2.72
Uzbekistan,2023,5.71
Uzbekistan,2022,5.71
Uzbekistan,2021,5.71
Uzbekistan,2020,5.71
Uzbekistan,2019,5.71
Uzbekistan,2018,5.71
Uzbekistan,2017,5.91
Uzbekistan,2016,5.91
Uzbekistan,2015,1.83
Saint Vincent and the Grenadines,2023,1.03
Saint Vincent and the Grenadines,2022,1.03
Saint Vincent and the Grenadines,2021,1.03
Saint Vincent and the Grenadines,2020,1.03
Saint Vincent and the Grenadines,2019,1.03
Saint Vincent and the Grenadines,2018,1.03
Saint Vincent and the Grenadines,2017,0.85
Saint Vincent and the Grenadines,2016,0.85
Saint Vincent and the Grenadines,2015,0.85
Venezuela (Bolivarian Republic of),2023,8.23
Venezuela (Bolivarian Republic of),2022,8.23
Venezuela (Bolivarian Republic of),2021,7.67
Venezuela (Bolivarian Republic of),2020,7.47
Venezuela (Bolivarian Republic of),2019,9.13
Venezuela (Bolivarian Republic of),2018,7.39
Venezuela (Bolivarian Republic of),2017,6.97
Venezuela (Bolivarian Republic of),2016,6.31
Venezuela (Bolivarian Republic of),2015,6.8
Viet Nam,2023,9.14
Viet Nam,2022,9.14
Viet Nam,2021,8.23
Viet Nam,2020,7.87
Viet Nam,2019,8.28
Viet Nam,2018,8.28
Viet Nam,2017,8.28
Viet Nam,2016,8.28
Viet Nam,2015,8.28
Vanuatu,2023,2.83
Vanuatu,2022,2.83
Vanuatu,2021,2.83
Vanuatu,2020,2.83
Vanuatu,2019,2.83
Vanuatu,2018,2.83
Vanuatu,2017,3.03
Vanuatu,2016,3.23
Vanuatu,2015,3.23
Samoa,2023,1.67
Samoa,2022,1.52
Samoa,2021,1.52
Samoa,2020,1.52
Samoa,2019,1.52
Samoa,2018,1.52
Samoa,2017,1.52
Samoa,2016,1.52
Samoa,2015,1.52
World,2023,4.86
World,2022,4.83
World,2021,4.54
World,2020,4.5
World,2019,4.57
World,2018,4.66
World,2017,4.63
World,2016,4.55
World,2015,4.54
World: Low income,2023,2.59
World: Low income,2022,2.44
World: Low income,2021,2.4
World: Low income,2020,2.37
World: Low income,2019,2.38
World: Low income,2018,2.58
World: Low income,2017,2.55
World: Low income,2016,2.62
World: Low income,2015,2.52
World: Lower-middle income,2023,4.76
World: Lower-middle income,2022,4.78
World: Lower-middle income,2021,4.03
World: Lower-middle income,2020,3.93
World: Lower-middle income,2019,4.15
World: Lower-middle income,2018,4.55
World: Lower-middle income,2017,4.63
World: Lower-middle income,2016,4.7
World: Lower-middle income,2015,4.44
World: Upper-middle income,2023,6.71
World: Upper-middle income,2022,6.65
World: Upper-middle income,2021,6.53
World: Upper-middle income,2020,6.59
World: Upper-middle income,2019,6.54
World: Upper-middle income,2018,6.38
World: Upper-middle income,2017,6.24
World: Upper-middle income,2016,6.02
World: Upper-middle income,2015,6.18
World: High income,2023,2.05
World: High income,2022,2.05
World: High income,2021,2.04
World: High income,2020,1.91
World: High income,2019,1.88
World: High income,2018,1.94
World: High income,2017,1.92
World: High income,2016,1.88
World: High income,2015,1.86
Africa,2023,2.67
Africa,2022,2.6
Africa,2021,2.58
Africa,2020,2.52
Africa,2019,2.51
Africa,2018,2.61
Africa,2017,2.64
Africa,2016,2.78
Africa,2015,2.72
Africa: Low income,2023,2.42
Africa: Low income,2022,2.28
Africa: Low income,2021,2.23
Africa: Low income,2020,2.2
Africa: Low income,2019,2.22
Africa: Low income,2018,2.44
Africa: Low income,2017,2.4
Africa: Low income,2016,2.48
Africa: Low income,2015,2.37
Africa: Lower-middle income,2023,2.92
Africa: Lower-middle income,2022,2.94
Africa: Lower-middle income,2021,2.95
Africa: Lower-middle income,2020,2.86
Africa: Lower-middle income,2019,2.85
Africa: Lower-middle income,2018,2.88
Africa: Lower-middle income,2017,2.99
Africa: Lower-middle income,2016,3.2
Africa: Lower-middle income,2015,3.19
Africa: Upper-middle income,2023,2.23
Africa: Upper-middle income,2022,2.02
Africa: Upper-middle income,2021,1.85
Africa: Upper-middle income,2020,1.81
Africa: Upper-middle income,2019,1.79
Africa: Upper-middle income,2018,1.75
Africa: Upper-middle income,2017,1.68
Africa: Upper-middle income,2016,1.62
Africa: Upper-middle income,2015,1.43
Northern Africa,2023,5.3
Northern Africa,2022,4.83
Northern Africa,2021,4.86
Northern Africa,2020,4.81
Northern Africa,2019,4.77
Northern Africa,2018,4.88
Northern Africa,2017,5.1
Northern Africa,2016,5.1
Northern Africa,2015,5.01
Northern Africa: Lower-middle income,2023,4.8
Northern Africa: Lower-middle income,2022,4.91
Northern Africa: Lower-middle income,2021,4.89
Northern Africa: Lower-middle income,2020,4.86
Northern Africa: Lower-middle income,2019,4.83
Northern Africa: Lower-middle income,2018,5
Northern Africa: Lower-middle income,2017,5.41
Northern Africa: Lower-middle income,2016,5.43
Northern Africa: Lower-middle income,2015,5.5
Northern Africa: Upper-middle income,2023,4.45
Northern Africa: Upper-middle income,2022,3.15
Northern Africa: Upper-middle income,2021,3.31
Northern Africa: Upper-middle income,2020,3.15
Northern Africa: Upper-middle income,2019,3.12
Northern Africa: Upper-middle income,2018,2.96
Northern Africa: Upper-middle income,2017,2.74
Northern Africa: Upper-middle income,2016,2.62
Northern Africa: Upper-middle income,2015,2.11
Sub-Saharan Africa,2023,2.26
Sub-Saharan Africa,2022,2.26
Sub-Saharan Africa,2021,2.21
Sub-Saharan Africa,2020,2.15
Sub-Saharan Africa,2019,2.15
Sub-Saharan Africa,2018,2.23
Sub-Saharan Africa,2017,2.23
Sub-Saharan Africa,2016,2.38
Sub-Saharan Africa,2015,2.31
Sub-Saharan Africa: Low income,2023,2.09
Sub-Saharan Africa: Low income,2022,2.04
Sub-Saharan Africa: Low income,2021,1.98
Sub-Saharan Africa: Low income,2020,1.95
Sub-Saharan Africa: Low income,2019,1.96
Sub-Saharan Africa: Low income,2018,2.17
Sub-Saharan Africa: Low income,2017,2.13
Sub-Saharan Africa: Low income,2016,2.21
Sub-Saharan Africa: Low income,2015,2.11
Sub-Saharan Africa: Lower-middle income,2023,2.55
Sub-Saharan Africa: Lower-middle income,2022,2.54
Sub-Saharan Africa: Lower-middle income,2021,2.55
Sub-Saharan Africa: Lower-middle income,2020,2.45
Sub-Saharan Africa: Lower-middle income,2019,2.44
Sub-Saharan Africa: Lower-middle income,2018,2.43
Sub-Saharan Africa: Lower-middle income,2017,2.46
Sub-Saharan Africa: Lower-middle income,2016,2.69
Sub-Saharan Africa: Lower-middle income,2015,2.66
Sub-Saharan Africa: Upper-middle income,2023,1.14
Sub-Saharan Africa: Upper-middle income,2022,1.45
Sub-Saharan Africa: Upper-middle income,2021,1.1
Sub-Saharan Africa: Upper-middle income,2020,1.11
Sub-Saharan Africa: Upper-middle income,2019,1.11
Sub-Saharan Africa: Upper-middle income,2018,1.12
Sub-Saharan Africa: Upper-middle income,2017,1.12
Sub-Saharan Africa: Upper-middle income,2016,1.1
Sub-Saharan Africa: Upper-middle income,2015,1.08
Central Africa,2023,2.42
Central Africa,2022,2.45
Central Africa,2021,2.45
Central Africa,2020,2.44
Central Africa,2019,2.51
Central Africa,2018,2.5
Central Africa,2017,2.5
Central Africa,2016,2.65
Central Africa,2015,2.25
Eastern Africa,2023,2.31
Eastern Africa,2022,2.3
Eastern Africa,2021,2.25
Eastern Africa,2020,2.22
Eastern Africa,2019,2.19
Eastern Africa,2018,2.43
Eastern Africa,2017,2.4
Eastern Africa,2016,2.38
Eastern Africa,2015,2.41
Southern Africa,2023,1.09
Southern Africa,2022,1.4
Southern Africa,2021,1.07
Southern Africa,2020,1.05
Southern Africa,2019,1.05
Southern Africa,2018,1.05
Southern Africa,2017,1.06
Southern Africa,2016,1.06
Southern Africa,2015,1.04
Western Africa,2023,2.34
Western Africa,2022,2.27
Western Africa,2021,2.27
Western Africa,2020,2.14
Western Africa,2019,2.13
Western Africa,2018,2.12
Western Africa,2017,2.13
Western Africa,2016,2.49
Western Africa,2015,2.46
Americas,2023,3.4
Americas,2022,3.25
Americas,2021,3.03
Americas,2020,2.95
Americas,2019,2.98
Americas,2018,2.87
Americas,2017,2.84
Americas,2016,2.85
Americas,2015,2.86
Americas: Lower-middle income,2023,3.59
Americas: Lower-middle income,2022,3.12
Americas: Lower-middle income,2021,2.69
Americas: Lower-middle income,2020,2.52
Americas: Lower-middle income,2019,2.54
Americas: Lower-middle income,2018,2.52
Americas: Lower-middle income,2017,2.24
Americas: Lower-middle income,2016,2.12
Americas: Lower-middle income,2015,2.14
Americas: Upper-middle income,2023,3.87
Americas: Upper-middle income,2022,3.59
Americas: Upper-middle income,2021,3.21
Americas: Upper-middle income,2020,3.09
Americas: Upper-middle income,2019,3.14
Americas: Upper-middle income,2018,3.06
Americas: Upper-middle income,2017,3.09
Americas: Upper-middle income,2016,3.14
Americas: Upper-middle income,2015,3.14
Americas: High income,2023,2.76
Americas: High income,2022,2.8
Americas: High income,2021,2.81
Americas: High income,2020,2.82
Americas: High income,2019,2.82
Americas: High income,2018,2.66
Americas: High income,2017,2.56
Americas: High income,2016,2.52
Americas: High income,2015,2.54
Latin America and the Caribbean,2023,3.78
Latin America and the Caribbean,2022,3.51
Latin America and the Caribbean,2021,3.14
Latin America and the Caribbean,2020,3.02
Latin America and the Caribbean,2019,3.07
Latin America and the Caribbean,2018,2.98
Latin America and the Caribbean,2017,2.99
Latin America and the Caribbean,2016,3.04
Latin America and the Caribbean,2015,3.03
Latin America and the Caribbean: Lower-middle income,2023,3.59
Latin America and the Caribbean: Lower-middle income,2022,3.12
Latin America and the Caribbean: Lower-middle income,2021,2.69
Latin America and the Caribbean: Lower-middle income,2020,2.52
Latin America and the Caribbean: Lower-middle income,2019,2.54
Latin America and the Caribbean: Lower-middle income,2018,2.52
Latin America and the Caribbean: Lower-middle income,2017,2.24
Latin America and the Caribbean: Lower-middle income,2016,2.12
Latin America and the Caribbean: Lower-middle income,2015,2.14
Latin America and the Caribbean: Upper-middle income,2023,3.87
Latin America and the Caribbean: Upper-middle income,2022,3.59
Latin America and the Caribbean: Upper-middle income,2021,3.21
Latin America and the Caribbean: Upper-middle income,2020,3.09
Latin America and the Caribbean: Upper-middle income,2019,3.14
Latin America and the Caribbean: Upper-middle income,2018,3.06
Latin America and the Caribbean: Upper-middle income,2017,3.09
Latin America and the Caribbean: Upper-middle income,2016,3.14
Latin America and the Caribbean: Upper-middle income,2015,3.14
Latin America and the Caribbean: High income,2023,2.43
Latin America and the Caribbean: High income,2022,2.52
Latin America and the Caribbean: High income,2021,2.46
Latin America and the Caribbean: High income,2020,2.48
Latin America and the Caribbean: High income,2019,2.52
Latin America and the Caribbean: High income,2018,2.05
Latin America and the Caribbean: High income,2017,2.11
Latin America and the Caribbean: High income,2016,2.24
Latin America and the Caribbean: High income,2015,2.04
Caribbean,2023,1.66
Caribbean,2022,1.6
Caribbean,2021,1.46
Caribbean,2020,1.46
Caribbean,2019,1.51
Caribbean,2018,1.46
Caribbean,2017,1.35
Caribbean,2016,1.34
Caribbean,2015,2.84
Central America,2023,3.29
Central America,2022,3.14
Central America,2021,2.99
Central America,2020,3.02
Central America,2019,3.01
Central America,2018,3.02
Central America,2017,3.22
Central America,2016,3.83
Central America,2015,3.65
South America,2023,4.15
South America,2022,3.81
South America,2021,3.35
South America,2020,3.16
South America,2019,3.23
South America,2018,3.09
South America,2017,3.05
South America,2016,2.9
South America,2015,2.83
Northern America,2023,2.78
Northern America,2022,2.82
Northern America,2021,2.84
Northern America,2020,2.84
Northern America,2019,2.84
Northern America,2018,2.71
Northern America,2017,2.59
Northern America,2016,2.54
Northern America,2015,2.58
Northern America: High income,2023,2.78
Northern America: High income,2022,2.82
Northern America: High income,2021,2.84
Northern America: High income,2020,2.84
Northern America: High income,2019,2.84
Northern America: High income,2018,2.71
Northern America: High income,2017,2.59
Northern America: High income,2016,2.54
Northern America: High income,2015,2.58
Arab States,2023,5.97
Arab States,2022,5.91
Arab States,2021,5.93
Arab States,2020,5.75
Arab States,2019,5.74
Arab States,2018,5.75
Arab States,2017,5.71
Arab States,2016,5.78
Arab States,2015,5.78
Arab States: Lower-middle income,2023,3.75
Arab States: Lower-middle income,2022,3.52
Arab States: Lower-middle income,2021,3.76
Arab States: Lower-middle income,2020,3.4
Arab States: Lower-middle income,2019,3.44
Arab States: Lower-middle income,2018,3.46
Arab States: Lower-middle income,2017,3.46
Arab States: Lower-middle income,2016,3.67
Arab States: Lower-middle income,2015,3.71
Arab States: Upper-middle income,2022,7.18
Arab States: Upper-middle income,2021,7.18
Arab States: Upper-middle income,2020,6.48
Arab States: Upper-middle income,2019,6.48
Arab States: Upper-middle income,2018,6.48
Arab States: Upper-middle income,2017,6.28
Arab States: Upper-middle income,2016,6.48
Arab States: Upper-middle income,2015,6.48
Arab States: High income,2023,6.88
Arab States: High income,2022,6.89
Arab States: High income,2021,6.92
Arab States: High income,2020,6.9
Arab States: High income,2019,6.85
Arab States: High income,2018,6.87
Arab States: High income,2017,6.84
Arab States: High income,2016,6.83
Arab States: High income,2015,6.8
Asia and the Pacific,2023,6.48
Asia and the Pacific,2022,6.52
Asia and the Pacific,2021,6.05
Asia and the Pacific,2020,6.08
Asia and the Pacific,2019,6.21
Asia and the Pacific,2018,6.34
Asia and the Pacific,2017,6.32
Asia and the Pacific,2016,6.14
Asia and the Pacific,2015,6.12
Asia and the Pacific: Lower-middle income,2023,5.42
Asia and the Pacific: Lower-middle income,2022,5.44
Asia and the Pacific: Lower-middle income,2021,4.41
Asia and the Pacific: Lower-middle income,2020,4.31
Asia and the Pacific: Lower-middle income,2019,4.61
Asia and the Pacific: Lower-middle income,2018,5.14
Asia and the Pacific: Lower-middle income,2017,5.22
Asia and the Pacific: Lower-middle income,2016,5.24
Asia and the Pacific: Lower-middle income,2015,4.95
Asia and the Pacific: Upper-middle income,2023,8
Asia and the Pacific: Upper-middle income,2022,8.04
Asia and the Pacific: Upper-middle income,2021,7.93
Asia and the Pacific: Upper-middle income,2020,8.07
Asia and the Pacific: Upper-middle income,2019,8.05
Asia and the Pacific: Upper-middle income,2018,7.78
Asia and the Pacific: Upper-middle income,2017,7.64
Asia and the Pacific: Upper-middle income,2016,7.31
Asia and the Pacific: Upper-middle income,2015,7.5
Asia and the Pacific: High income,2023,1.87
Asia and the Pacific: High income,2022,1.86
Asia and the Pacific: High income,2021,1.86
Asia and the Pacific: High income,2020,1.91
Asia and the Pacific: High income,2019,1.91
Asia and the Pacific: High income,2018,2.47
Asia and the Pacific: High income,2017,2.54
Asia and the Pacific: High income,2016,2.2
Asia and the Pacific: High income,2015,2.15
Eastern Asia,2023,8.32
Eastern Asia,2022,8.32
Eastern Asia,2021,8.34
Eastern Asia,2020,8.5
Eastern Asia,2019,8.34
Eastern Asia,2018,8.05
Eastern Asia,2017,7.88
Eastern Asia,2016,7.51
Eastern Asia,2015,7.51
Eastern Asia: Upper-middle income,2023,9.11
Eastern Asia: Upper-middle income,2022,9.11
Eastern Asia: Upper-middle income,2021,9.12
Eastern Asia: Upper-middle income,2020,9.3
Eastern Asia: Upper-middle income,2019,9.11
Eastern Asia: Upper-middle income,2018,8.71
Eastern Asia: Upper-middle income,2017,8.5
Eastern Asia: Upper-middle income,2016,8.12
Eastern Asia: Upper-middle income,2015,8.12
Eastern Asia: High income,2023,2.03
Eastern Asia: High income,2022,2.03
Eastern Asia: High income,2021,2.02
Eastern Asia: High income,2020,2.07
Eastern Asia: High income,2019,2.07
Eastern Asia: High income,2018,2.73
Eastern Asia: High income,2017,2.81
Eastern Asia: High income,2016,2.41
Eastern Asia: High income,2015,2.34
South-Eastern Asia and the Pacific,2023,4.83
South-Eastern Asia and the Pacific,2022,4.6
South-Eastern Asia and the Pacific,2021,3.96
South-Eastern Asia and the Pacific,2020,3.71
South-Eastern Asia and the Pacific,2019,4.19
South-Eastern Asia and the Pacific,2018,4.33
South-Eastern Asia and the Pacific,2017,4.31
South-Eastern Asia and the Pacific,2016,4.24
South-Eastern Asia and the Pacific,2015,4.78
South-Eastern Asia and the Pacific: Lower-middle income,2023,7.38
South-Eastern Asia and the Pacific: Lower-middle income,2022,6.51
South-Eastern Asia and the Pacific: Lower-middle income,2021,5.98
South-Eastern Asia and the Pacific: Lower-middle income,2020,5.23
South-Eastern Asia and the Pacific: Lower-middle income,2019,5.45
South-Eastern Asia and the Pacific: Lower-middle income,2018,5.69
South-Eastern Asia and the Pacific: Lower-middle income,2017,5.63
South-Eastern Asia and the Pacific: Lower-middle income,2016,5.73
South-Eastern Asia and the Pacific: Lower-middle income,2015,5.57
South-Eastern Asia and the Pacific: Upper-middle income,2023,3.35
South-Eastern Asia and the Pacific: Upper-middle income,2022,3.56
South-Eastern Asia and the Pacific: Upper-middle income,2021,2.81
South-Eastern Asia and the Pacific: Upper-middle income,2020,2.9
South-Eastern Asia and the Pacific: Upper-middle income,2019,3.59
South-Eastern Asia and the Pacific: Upper-middle income,2018,3.65
South-Eastern Asia and the Pacific: Upper-middle income,2017,3.66
South-Eastern Asia and the Pacific: Upper-middle income,2016,3.44
South-Eastern Asia and the Pacific: Upper-middle income,2015,4.56
South-Eastern Asia and the Pacific: High income,2023,1.1
South-Eastern Asia and the Pacific: High income,2022,1.1
South-Eastern Asia and the Pacific: High income,2021,1.11
South-Eastern Asia and the Pacific: High income,2020,1.16
South-Eastern Asia and the Pacific: High income,2019,1.16
South-Eastern Asia and the Pacific: High income,2018,1.21
South-Eastern Asia and the Pacific: High income,2017,1.22
South-Eastern Asia and the Pacific: High income,2016,1.18
South-Eastern Asia and the Pacific: High income,2015,1.17
South-Eastern Asia,2023,5.08
South-Eastern Asia,2022,4.83
South-Eastern Asia,2021,4.15
South-Eastern Asia,2020,3.88
South-Eastern Asia,2019,4.39
South-Eastern Asia,2018,4.53
South-Eastern Asia,2017,4.51
South-Eastern Asia,2016,4.44
South-Eastern Asia,2015,5
Pacific Islands,2023,0.96
Pacific Islands,2022,0.96
Pacific Islands,2021,0.95
Pacific Islands,2020,1
Pacific Islands,2019,0.99
Pacific Islands,2018,1.04
Pacific Islands,2017,1.06
Pacific Islands,2016,1.02
Pacific Islands,2015,1.02
Southern Asia,2023,5.22
Southern Asia,2022,5.4
Southern Asia,2021,4.34
Southern Asia,2020,4.36
Southern Asia,2019,4.63
Southern Asia,2018,5.22
Southern Asia,2017,5.33
Southern Asia,2016,5.33
Southern Asia,2015,4.99
Southern Asia: Lower-middle income,2023,5.04
Southern Asia: Lower-middle income,2022,5.23
Southern Asia: Lower-middle income,2021,4.11
Southern Asia: Lower-middle income,2020,4.13
Southern Asia: Lower-middle income,2019,4.43
Southern Asia: Lower-middle income,2018,5.03
Southern Asia: Lower-middle income,2017,5.14
Southern Asia: Lower-middle income,2016,5.14
Southern Asia: Lower-middle income,2015,4.82
Southern Asia: Upper-middle income,2023,9.95
Southern Asia: Upper-middle income,2022,9.95
Southern Asia: Upper-middle income,2021,9.91
Southern Asia: Upper-middle income,2020,9.91
Southern Asia: Upper-middle income,2019,9.2
Southern Asia: Upper-middle income,2018,9.95
Southern Asia: Upper-middle income,2017,9.95
Southern Asia: Upper-middle income,2016,9.95
Southern Asia: Upper-middle income,2015,9.19
Europe and Central Asia,2023,1.78
Europe and Central Asia,2022,1.68
Europe and Central Asia,2021,1.71
Europe and Central Asia,2020,1.4
Europe and Central Asia,2019,1.32
Europe and Central Asia,2018,1.46
Europe and Central Asia,2017,1.3
Europe and Central Asia,2016,1.31
Europe and Central Asia,2015,1.27
Europe and Central Asia: Lower-middle income,2023,4.16
Europe and Central Asia: Lower-middle income,2022,4.17
Europe and Central Asia: Lower-middle income,2021,4.18
Europe and Central Asia: Lower-middle income,2020,4.16
Europe and Central Asia: Lower-middle income,2019,4.19
Europe and Central Asia: Lower-middle income,2018,4.2
Europe and Central Asia: Lower-middle income,2017,4.35
Europe and Central Asia: Lower-middle income,2016,4.34
Europe and Central Asia: Lower-middle income,2015,1.43
Europe and Central Asia: Upper-middle income,2023,3.41
Europe and Central Asia: Upper-middle income,2022,2.86
Europe and Central Asia: Upper-middle income,2021,3.06
Europe and Central Asia: Upper-middle income,2020,2.53
Europe and Central Asia: Upper-middle income,2019,2.37
Europe and Central Asia: Upper-middle income,2018,2.94
Europe and Central Asia: Upper-middle income,2017,2.15
Europe and Central Asia: Upper-middle income,2016,1.97
Europe and Central Asia: Upper-middle income,2015,2.36
Europe and Central Asia: High income,2023,1.23
Europe and Central Asia: High income,2022,1.24
Europe and Central Asia: High income,2021,1.21
Europe and Central Asia: High income,2020,0.94
Europe and Central Asia: High income,2019,0.88
Europe and Central Asia: High income,2018,0.91
Europe and Central Asia: High income,2017,0.91
Europe and Central Asia: High income,2016,0.98
Europe and Central Asia: High income,2015,0.98
"Northern, Southern and Western Europe",2023,0.49
"Northern, Southern and Western Europe",2022,0.53
"Northern, Southern and Western Europe",2021,0.52
"Northern, Southern and Western Europe",2020,0.52
"Northern, Southern and Western Europe",2019,0.42
"Northern, Southern and Western Europe",2018,0.47
"Northern, Southern and Western Europe",2017,0.48
"Northern, Southern and Western Europe",2016,0.54
"Northern, Southern and Western Europe",2015,0.51
"Northern, Southern and Western Europe: Upper-middle income",2023,1.3
"Northern, Southern and Western Europe: Upper-middle income",2022,1.17
"Northern, Southern and Western Europe: Upper-middle income",2021,1.07
"Northern, Southern and Western Europe: Upper-middle income",2020,1.06
"Northern, Southern and Western Europe: Upper-middle income",2019,1.07
"Northern, Southern and Western Europe: Upper-middle income",2018,1.1
"Northern, Southern and Western Europe: Upper-middle income",2017,1.19
"Northern, Southern and Western Europe: Upper-middle income",2016,1.18
"Northern, Southern and Western Europe: Upper-middle income",2015,0.93
"Northern, Southern and Western Europe: High income",2023,0.47
"Northern, Southern and Western Europe: High income",2022,0.51
"Northern, Southern and Western Europe: High income",2021,0.5
"Northern, Southern and Western Europe: High income",2020,0.5
"Northern, Southern and Western Europe: High income",2019,0.4
"Northern, Southern and Western Europe: High income",2018,0.45
"Northern, Southern and Western Europe: High income",2017,0.46
"Northern, Southern and Western Europe: High income",2016,0.52
"Northern, Southern and Western Europe: High income",2015,0.5
Northern Europe,2023,0.79
Northern Europe,2022,0.78
Northern Europe,2021,0.68
Northern Europe,2020,0.69
Northern Europe,2019,0.69
Northern Europe,2018,0.71
Northern Europe,2017,0.74
Northern Europe,2016,0.77
Northern Europe,2015,0.46
Southern Europe,2023,0.38
Southern Europe,2022,0.37
Southern Europe,2021,0.49
Southern Europe,2020,0.48
Southern Europe,2019,0.48
Southern Europe,2018,0.48
Southern Europe,2017,0.5
Southern Europe,2016,0.68
Southern Europe,2015,0.8
Western Europe,2023,0.4
Western Europe,2022,0.5
Western Europe,2021,0.45
Western Europe,2020,0.45
Western Europe,2019,0.24
Western Europe,2018,0.33
Western Europe,2017,0.34
Western Europe,2016,0.32
Western Europe,2015,0.33
Eastern Europe,2023,2.78
Eastern Europe,2022,2.67
Eastern Europe,2021,2.57
Eastern Europe,2020,1.87
Eastern Europe,2019,1.77
Eastern Europe,2018,1.77
Eastern Europe,2017,1.75
Eastern Europe,2016,1.81
Eastern Europe,2015,1.88
Eastern Europe: Lower-middle income,2022,1.11
Eastern Europe: Lower-middle income,2021,0.94
Eastern Europe: Lower-middle income,2020,0.94
Eastern Europe: Lower-middle income,2019,0.57
Eastern Europe: Lower-middle income,2018,0.57
Eastern Europe: Lower-middle income,2017,0.57
Eastern Europe: Lower-middle income,2016,0.57
Eastern Europe: Lower-middle income,2015,0.74
Eastern Europe: Upper-middle income,2023,3.13
Eastern Europe: Upper-middle income,2022,2.78
Eastern Europe: Upper-middle income,2021,2.57
Eastern Europe: Upper-middle income,2020,2.17
Eastern Europe: Upper-middle income,2019,1.67
Eastern Europe: Upper-middle income,2018,1.68
Eastern Europe: Upper-middle income,2017,1.67
Eastern Europe: Upper-middle income,2016,1.65
Eastern Europe: Upper-middle income,2015,1.96
Eastern Europe: High income,2023,2.71
Eastern Europe: High income,2022,2.64
Eastern Europe: High income,2021,2.57
Eastern Europe: High income,2020,1.8
Eastern Europe: High income,2019,1.79
Eastern Europe: High income,2018,1.79
Eastern Europe: High income,2017,1.77
Eastern Europe: High income,2016,1.85
Eastern Europe: High income,2015,1.86
Central Asia,2023,3.52
Central Asia,2022,3.52
Central Asia,2021,3.71
Central Asia,2020,3.45
Central Asia,2019,3.38
Central Asia,2018,3.45
Central Asia,2017,3.36
Central Asia,2016,3.53
Central Asia,2015,1.52
Central and Western Asia: Lower-middle income,2023,4.16
Central and Western Asia: Lower-middle income,2022,4.17
Central and Western Asia: Lower-middle income,2021,4.18
Central and Western Asia: Lower-middle income,2020,4.16
Central and Western Asia: Lower-middle income,2019,4.19
Central and Western Asia: Lower-middle income,2018,4.2
Central and Western Asia: Lower-middle income,2017,4.35
Central and Western Asia: Lower-middle income,2016,4.34
Central and Western Asia: Lower-middle income,2015,1.43
Central and Western Asia: Upper-middle income,2023,3.78
Central and Western Asia: Upper-middle income,2022,3.11
Central and Western Asia: Upper-middle income,2021,3.55
Central and Western Asia: Upper-middle income,2020,2.91
Central and Western Asia: Upper-middle income,2019,2.9
Central and Western Asia: Upper-middle income,2018,3.84
Central and Western Asia: Upper-middle income,2017,2.53
Central and Western Asia: Upper-middle income,2016,2.26
Central and Western Asia: Upper-middle income,2015,2.78
Central and Western Asia: High income,2023,0
Central and Western Asia: High income,2022,0
Central and Western Asia: High income,2021,0
Central and Western Asia: High income,2020,0
Central and Western Asia: High income,2019,0
Central and Western Asia: High income,2018,0
Central and Western Asia: High income,2017,0
Central and Western Asia: High income,2016,0
Central and Western Asia: High income,2015,0
Central and Western Asia,2023,3.64
Central and Western Asia,2022,3.17
Central and Western Asia,2021,3.49
Central and Western Asia,2020,3.04
Central and Western Asia,2019,3.03
Central and Western Asia,2018,3.69
Central and Western Asia,2017,2.81
Central and Western Asia,2016,2.62
Central and Western Asia,2015,2.29
Western Asia,2023,3.72
Western Asia,2022,2.94
Western Asia,2021,3.34
Western Asia,2020,2.76
Western Asia,2019,2.8
Western Asia,2018,3.84
Western Asia,2017,2.45
Western Asia,2016,2.02
Western Asia,2015,2.79
Northern Africa: Low income,2022,6.86
Northern Africa: Low income,2021,6.86
Northern Africa: Low income,2020,6.86
Northern Africa: Low income,2019,6.86
Northern Africa: Low income,2018,7.05
Northern Africa: Low income,2017,7.05
Northern Africa: Low income,2016,7.05
Northern Africa: Low income,2015,6.86
European Union 28,2023,0.57
European Union 28,2022,0.63
European Union 28,2021,0.64
European Union 28,2020,0.62
European Union 28,2019,0.54
European Union 28,2018,0.57
European Union 28,2017,0.56
European Union 28,2016,0.65
European Union 28,2015,0.59
G20,2023,4.58
G20,2022,4.64
G20,2021,4.36
G20,2020,4.37
G20,2019,4.43
G20,2018,4.56
G20,2017,4.56
G20,2016,4.51
G20,2015,4.53
ASEAN,2023,5.08
ASEAN,2022,4.84
ASEAN,2021,4.16
ASEAN,2020,3.89
ASEAN,2019,4.39
ASEAN,2018,4.54
ASEAN,2017,4.52
ASEAN,2016,4.44
ASEAN,2015,5.01
BRICS,2023,6.59
BRICS,2022,6.72
BRICS,2021,6.24
BRICS,2020,6.29
BRICS,2019,6.32
BRICS,2018,6.44
BRICS,2017,6.47
BRICS,2016,6.34
BRICS,2015,6.23
Eastern Asia: Lower-middle income,2022,0.15
Eastern Asia: Lower-middle income,2021,0.15
Eastern Asia: Lower-middle income,2020,0.15
Eastern Asia: Lower-middle income,2019,0.15
Eastern Asia: Lower-middle income,2018,0.15
Eastern Asia: Lower-middle income,2017,0.15
Eastern Asia: Lower-middle income,2016,0
Eastern Asia: Lower-middle income,2015,0
World excluding BRICS,2023,3.54
World excluding BRICS,2022,3.4
World excluding BRICS,2021,3.23
World excluding BRICS,2020,3.13
World excluding BRICS,2019,3.21
World excluding BRICS,2018,3.27
World excluding BRICS,2017,3.17
World excluding BRICS,2016,3.13
World excluding BRICS,2015,3.17
G7,2023,1.74
G7,2022,1.77
G7,2021,1.76
G7,2020,1.76
G7,2019,1.71
G7,2018,1.67
G7,2017,1.64
G7,2016,1.65
G7,2015,1.59
MENA,2023,6.34
MENA,2022,6.11
MENA,2021,6.14
MENA,2020,6.07
MENA,2019,5.95
MENA,2018,6.14
MENA,2017,6.23
MENA,2016,6.22
MENA,2015,6.03
Arab League,2023,5.46
Arab League,2022,5.18
Arab League,2021,5.2
Arab League,2020,5.11
Arab League,2019,5.08
Arab League,2018,5.13
Arab League,2017,5.25
Arab League,2016,5.28
Arab League,2015,5.23
CARICOM,2023,1.43
CARICOM,2022,1.43
CARICOM,2021,1.44
CARICOM,2020,1.44
CARICOM,2019,1.44
CARICOM,2018,1.44
CARICOM,2017,1.43
CARICOM,2016,1.32
CARICOM,2015,1.3
European Union 27,2023,0.47
European Union 27,2022,0.53
European Union 27,2021,0.57
European Union 27,2020,0.55
European Union 27,2019,0.45
European Union 27,2018,0.49
European Union 27,2017,0.48
European Union 27,2016,0.59
European Union 27,2015,0.59
Arab States: Low income,2023,3.51
Arab States: Low income,2022,3.46
Arab States: Low income,2021,3.42
Arab States: Low income,2020,3.39
Arab States: Low income,2019,3.36
Arab States: Low income,2018,3.31
Arab States: Low income,2017,3.3
Arab States: Low income,2016,3.32
Arab States: Low income,2015,3.46
Yemen,2023,1.08
Yemen,2022,1.08
Yemen,2021,1.08
Yemen,2020,1.08
Yemen,2019,1.08
Yemen,2018,1.08
Yemen,2017,1.08
Yemen,2016,1.08
Yemen,2015,1.08
South Africa,2023,0.98
South Africa,2022,1.34
South Africa,2021,0.98
South Africa,2020,0.98
South Africa,2019,0.98
South Africa,2018,0.98
South Africa,2017,0.98
South Africa,2016,0.98
South Africa,2015,0.98
Zambia,2023,2.21
Zambia,2022,2.21
Zambia,2021,2.21
Zambia,2020,2.21
Zambia,2019,2.21
Zambia,2018,2.21
Zambia,2017,2.21
Zambia,2016,2.21
Zambia,2015,2.21
Zimbabwe,2023,5.95
Zimbabwe,2022,5.95
Zimbabwe,2021,6
Zimbabwe,2020,5.45
Zimbabwe,2019,4.42
Zimbabwe,2018,5.92
Zimbabwe,2017,4.96
Zimbabwe,2016,4.95
Zimbabwe,2015,5.79
